{
    "nDCG": {
        "NDCG@1": 0.2392,
        "NDCG@3": 0.22714,
        "NDCG@5": 0.23345,
        "NDCG@10": 0.25474,
        "NDCG@100": 0.31285,
        "NDCG@1000": 0.34503
    },
    "MAP": {
        "MAP@1": 0.12611,
        "MAP@3": 0.17351,
        "MAP@5": 0.18419,
        "MAP@10": 0.19627,
        "MAP@100": 0.20988,
        "MAP@1000": 0.21143
    },
    "Recall": {
        "Recall@1": 0.12611,
        "Recall@3": 0.21475,
        "Recall@5": 0.24687,
        "Recall@10": 0.31077,
        "Recall@100": 0.53034,
        "Recall@1000": 0.72935
    },
    "Precision": {
        "P@1": 0.2392,
        "P@3": 0.14506,
        "P@5": 0.10648,
        "P@10": 0.06867,
        "P@100": 0.01282,
        "P@1000": 0.00181
    },
    "mrr": {
        "MRR@1": 0.2392,
        "MRR@3": 0.29167,
        "MRR@5": 0.30347,
        "MRR@10": 0.31495,
        "MRR@100": 0.32402,
        "MRR@1000": 0.32469
    }
}