{
    "nDCG": {
        "NDCG@1": 0.478,
        "NDCG@3": 0.46701,
        "NDCG@5": 0.45969,
        "NDCG@10": 0.46901,
        "NDCG@100": 0.53486,
        "NDCG@1000": 0.56041
    },
    "MAP": {
        "MAP@1": 0.23602,
        "MAP@3": 0.31461,
        "MAP@5": 0.34056,
        "MAP@10": 0.37333,
        "MAP@100": 0.40528,
        "MAP@1000": 0.40737
    },
    "Recall": {
        "Recall@1": 0.23602,
        "Recall@3": 0.35379,
        "Recall@5": 0.40873,
        "Recall@10": 0.49781,
        "Recall@100": 0.7174,
        "Recall@1000": 0.84096
    },
    "Precision": {
        "P@1": 0.478,
        "P@3": 0.31933,
        "P@5": 0.2472,
        "P@10": 0.1766,
        "P@100": 0.03154,
        "P@1000": 0.00386
    },
    "mrr": {
        "MRR@1": 0.48,
        "MRR@3": 0.55067,
        "MRR@5": 0.56067,
        "MRR@10": 0.57124,
        "MRR@100": 0.57769,
        "MRR@1000": 0.57796
    }
}